caller_file	caller_line	callee_symbol	edge_type
nr6_hal/HAC_fnc.sqf	42	RYD_RandomAround	call
nr6_hal/HAC_fnc.sqf	144	RYD_WPadd	call
nr6_hal/HAC_fnc.sqf	153	RYD_WPadd	call
nr6_hal/HAC_fnc.sqf	196	RYD_Spawn	call
nr6_hal/HAC_fnc.sqf	211	RYD_Mark	call
nr6_hal/HAC_fnc.sqf	251	RYD_PosTowards2D	call
nr6_hal/HAC_fnc.sqf	252	RYD_LOSCheck	call
nr6_hal/HAC_fnc.sqf	256	RYD_LOSCheck	call
nr6_hal/HAC_fnc.sqf	274	RYD_LOSCheck	call
nr6_hal/HAC_fnc.sqf	286	RYD_FindClosest	call
nr6_hal/HAC_fnc.sqf	304	RYD_PosTowards2D	call
nr6_hal/HAC_fnc.sqf	305	RYD_LOSCheck	call
nr6_hal/HAC_fnc.sqf	316	RYD_PosTowards2D	call
nr6_hal/HAC_fnc.sqf	320	RYD_AngTowards	call
nr6_hal/HAC_fnc.sqf	348	RYD_AmmoCount	call
nr6_hal/HAC_fnc.sqf	376	RYD_AmmoFullCount	call
nr6_hal/HAC_fnc.sqf	546	RYD_Mark	call
nr6_hal/HAC_fnc.sqf	598	RYD_WPadd	call
nr6_hal/HAC_fnc.sqf	686	RYD_FlatLandNoRoad	call
nr6_hal/HAC_fnc.sqf	771	RYD_AngTowards	call
nr6_hal/HAC_fnc.sqf	776	RYD_PosTowards2D	call
nr6_hal/HAC_fnc.sqf	797	RYD_TerraCognita	call
nr6_hal/HAC_fnc.sqf	858	RYD_Mark	call
nr6_hal/HAC_fnc.sqf	1089	RYD_FindClosestWithIndex	call
nr6_hal/HAC_fnc.sqf	1237	RYD_AmmoCount	call
nr6_hal/HAC_fnc.sqf	1270	RYD_DistOrd	call
nr6_hal/HAC_fnc.sqf	1459	RYD_TerraCognita	call
nr6_hal/HAC_fnc.sqf	1498	RYD_DistOrd	call
nr6_hal/HAC_fnc.sqf	1514	RYD_AmmoCount	call
nr6_hal/HAC_fnc.sqf	1577	RYD_IsNight	call
nr6_hal/HAC_fnc.sqf	1597	RYD_CloseEnemyB	call
nr6_hal/HAC_fnc.sqf	1600	RYD_PointToSecDst	call
nr6_hal/HAC_fnc.sqf	1615	RYD_CloseEnemyB	call
nr6_hal/HAC_fnc.sqf	1618	RYD_PointToSecDst	call
nr6_hal/HAC_fnc.sqf	1654	RYD_CloseEnemyB	call
nr6_hal/HAC_fnc.sqf	1657	RYD_PointToSecDst	call
nr6_hal/HAC_fnc.sqf	1672	RYD_CloseEnemyB	call
nr6_hal/HAC_fnc.sqf	1675	RYD_PointToSecDst	call
nr6_hal/HAC_fnc.sqf	1693	RYD_CloseEnemyB	call
nr6_hal/HAC_fnc.sqf	1696	RYD_PointToSecDst	call
nr6_hal/HAC_fnc.sqf	1715	RYD_GoLaunch	call
nr6_hal/HAC_fnc.sqf	1717	RYD_GoLaunch	call
nr6_hal/HAC_fnc.sqf	1717	RYD_Spawn	call
nr6_hal/HAC_fnc.sqf	1944	RYD_CloseEnemy	call
nr6_hal/HAC_fnc.sqf	1946	RYD_CloseEnemy	call
nr6_hal/HAC_fnc.sqf	2060	RYD_RandomAround	call
nr6_hal/HAC_fnc.sqf	2061	RYD_WPadd	call
nr6_hal/HAC_fnc.sqf	2119	RYD_AIChatter	call
nr6_hal/HAC_fnc.sqf	2202	RYD_RandomAround	call
nr6_hal/HAC_fnc.sqf	2208	RYD_CreateDecoy	call
nr6_hal/HAC_fnc.sqf	2324	RYD_isNight	call
nr6_hal/HAC_fnc.sqf	2339	RYD_AIChatter	call
nr6_hal/HAC_fnc.sqf	2340	RYD_ArtyMission	call
nr6_hal/HAC_fnc.sqf	2343	RYD_AIChatter	call
nr6_hal/HAC_fnc.sqf	2347	RYD_AIChatter	call
nr6_hal/HAC_fnc.sqf	2404	RYD_RandomAround	call
nr6_hal/HAC_fnc.sqf	2408	RYD_CreateDecoy	call
nr6_hal/HAC_fnc.sqf	2490	RYD_CFF_TGT	call
nr6_hal/HAC_fnc.sqf	2830	RYD_Spawn	call
nr6_hal/HAC_fnc.sqf	2852	RYD_ArtyMission	call
nr6_hal/HAC_fnc.sqf	3043	RYD_Mark	call
nr6_hal/HAC_fnc.sqf	3055	RYD_CFF_Fire	call
nr6_hal/HAC_fnc.sqf	3059	RYD_AngTowards	call
nr6_hal/HAC_fnc.sqf	3060	RYD_PosTowards2D	call
nr6_hal/HAC_fnc.sqf	3061	RYD_PosTowards2D	call
nr6_hal/HAC_fnc.sqf	3062	RYD_Mark	call
nr6_hal/HAC_fnc.sqf	3063	RYD_Mark	call
nr6_hal/HAC_fnc.sqf	3066	RYD_CFF_Fire	call
nr6_hal/HAC_fnc.sqf	3118	RYD_Spawn	call
nr6_hal/HAC_fnc.sqf	3523	RYD_AngTowards	call
nr6_hal/HAC_fnc.sqf	3524	RYD_PosTowards2D	call
nr6_hal/HAC_fnc.sqf	3833	RYD_Spawn	call
nr6_hal/HAC_fnc.sqf	3835	RYD_CFF_Fire	call
nr6_hal/HAC_fnc.sqf	3839	RYD_AIChatter	call
nr6_hal/HAC_fnc.sqf	3997	RYD_CFF	call
nr6_hal/HAC_fnc.sqf	4019	RYD_CFF_TGT	call
nr6_hal/HAC_fnc.sqf	4027	RYD_ArtyMission	call
nr6_hal/HAC_fnc.sqf	4033	RYD_AIChatter	call
nr6_hal/HAC_fnc.sqf	4044	RYD_AIChatter	call
nr6_hal/HAC_fnc.sqf	4047	RYD_Spawn	call
nr6_hal/HAC_fnc.sqf	4057	RYD_ArtyMission	call
nr6_hal/HAC_fnc.sqf	4069	RYD_AIChatter	call
nr6_hal/HAC_fnc.sqf	4072	RYD_Spawn	call
nr6_hal/HAC_fnc.sqf	4076	RYD_AIChatter	call
nr6_hal/HAC_fnc.sqf	4234	RYD_Mark	call
nr6_hal/HAC_fnc.sqf	4258	RYD_AddTask	call
nr6_hal/HAC_fnc.sqf	4347	RYD_FindHighestWithIndex	call
nr6_hal/HAC_fnc.sqf	4418	RYD_TerraCognita	call
nr6_hal/HAC_fnc.sqf	4437	RYD_ValueOrd	call
nr6_hal/HAC_fnc.sqf	4681	RYD_HQChatter	call
nr6_hal/HAC_fnc.sqf	4759	RYD_HQChatter	call
nr6_hal/HAC_fnc.sqf	4923	RYD_Mark	call
nr6_hal/HAC_fnc.sqf	4946	RYD_Spawn	call
nr6_hal/HAC_fnc.sqf	5188	RYD_FindBiggest	call
nr6_hal/HAC_fnc.sqf	5305	RYD_NearestRoad	call
nr6_hal/HAC_fnc.sqf	5317	RYD_RandomAround	call
nr6_hal/HAC_fnc.sqf	5329	RYD_NearestRoad	call
nr6_hal/HAC_fnc.sqf	5388	RYD_RoofOver	call
nr6_hal/HAC_fnc.sqf	3128	RYD_CFF_FFE	spawn
nr6_hal/HAC_fnc.sqf	4045	RYD_CFF_FFE	spawn
nr6_hal/HAC_fnc.sqf	4070	RYD_CFF_FFE	spawn
nr6_hal/HAC_fnc.sqf	4047	RYD_CFF_FFE	value_pass
nr6_hal/HAC_fnc.sqf	4072	RYD_CFF_FFE	value_pass
nr6_hal/HAC_fnc2.sqf	20	HAL_HQReset	call
nr6_hal/HAC_fnc2.sqf	36	HAL_HQReset	call
nr6_hal/HAC_fnc2.sqf	39	RYD_Spawn	call
nr6_hal/HAC_fnc2.sqf	216	RYD_RandomOrd	call
nr6_hal/HAC_fnc2.sqf	233	RYD_LiveFeed	call
nr6_hal/HAC_fnc2.sqf	284	RYD_AIChatter	call
nr6_hal/HAC_fnc2.sqf	887	RYD_AIChatter	call
nr6_hal/HAC_fnc2.sqf	904	RYD_Mark	call
nr6_hal/HAC_fnc2.sqf	912	RYD_AIChatter	call
nr6_hal/HAC_fnc2.sqf	1032	RYD_ArtyPrep	call
nr6_hal/HAC_fnc2.sqf	1088	RYD_CFF	call
nr6_hal/HAC_fnc2.sqf	1181	RYD_AIChatter	call
nr6_hal/HAC_fnc2.sqf	1186	HAL_HQOrders	call
nr6_hal/HAC_fnc2.sqf	1193	RYD_AIChatter	call
nr6_hal/HAC_fnc2.sqf	1198	HAL_HQOrdersDef	call
nr6_hal/HAC_fnc2.sqf	1207	RYD_isNight	call
nr6_hal/HAC_fnc2.sqf	1282	RYD_Spawn	call
nr6_hal/HAC_fnc2.sqf	1342	RYD_WPadd	call
nr6_hal/HAC_fnc2.sqf	1345	RYD_GoInside	call
nr6_hal/HAC_fnc2.sqf	1414	RYD_WPadd	call
nr6_hal/HAC_fnc2.sqf	1417	RYD_GoInside	call
nr6_hal/HAC_fnc2.sqf	1424	RYD_Spawn	call
nr6_hal/HAC_fnc2.sqf	1464	HAL_Rev	call
nr6_hal/HAC_fnc2.sqf	1474	HAL_SuppMed	call
nr6_hal/HAC_fnc2.sqf	1483	HAL_SuppFuel	call
nr6_hal/HAC_fnc2.sqf	1492	HAL_SuppRep	call
nr6_hal/HAC_fnc2.sqf	1504	HAL_SuppAmmo	call
nr6_hal/HAC_fnc2.sqf	1518	HAL_SFIdleOrd	call
nr6_hal/HAC_fnc2.sqf	1525	HAL_Reloc	call
nr6_hal/HAC_fnc2.sqf	1533	HAL_LPos	call
nr6_hal/HAC_fnc2.sqf	1546	HAL_EnemyScan	call
nr6_hal/HAC_fnc2.sqf	1652	RYD_isNight	call
nr6_hal/HAC_fnc2.sqf	1654	RYD_LF_EFF	call
nr6_hal/HAC_fnc2.sqf	1690	RYD_isInside	call
nr6_hal/HAC_fnc2.sqf	1747	RYD_Spawn	call
nr6_hal/HAC_fnc2.sqf	1854	RYD_LF	call
nr6_hal/HAC_fnc2.sqf	1859	RYD_LF	call
nr6_hal/HAC_fnc2.sqf	1926	RYD_LF	call
nr6_hal/HAC_fnc2.sqf	2080	RYD_ReverseArr	call
nr6_hal/HAC_fnc2.sqf	2082	RYD_ReverseArr	call
nr6_hal/HAC_fnc2.sqf	2915	HAL_fnc_getType	call
nr6_hal/HAC_fnc2.sqf	2916	HAL_fnc_getSize	call
nr6_hal/HAC_fnc2.sqf	3053	HAL_fnc_getType	call
nr6_hal/HAC_fnc2.sqf	3054	HAL_fnc_getSize	call
nr6_hal/HAC_fnc2.sqf	3288	RYD_AngTowards	call
nr6_hal/HAC_fnc2.sqf	3289	RYD_PosTowards2D	call
nr6_hal/HAC_fnc2.sqf	3309	RYD_RandomAround	call
nr6_hal/HAC_fnc2.sqf	308	HAL_EBFT	spawn
nr6_hal/HAC_fnc2.sqf	1281	HAL_GoSFAttack	spawn
nr6_hal/HAC_fnc2.sqf	1552	HAL_Garrison	spawn
nr6_hal/HAC_fnc2.sqf	3238	RYD_PresentRHQ	spawn
nr6_hal/HAC_fnc2.sqf	1282	HAL_GoSFAttack	value_pass
nr6_hal/RHQLibrary.sqf	2489	RYD_PresentRHQ	call
nr6_hal/RHQLibrary.sqf	2490	RYD_PresentRHQLoop	spawn
nr6_hal/Boss_fnc.sqf	75	RYD_AngTowards	call
nr6_hal/Boss_fnc.sqf	270	RYD_AngTowards	call
nr6_hal/Boss_fnc.sqf	357	RYD_AngTowards	call
nr6_hal/Boss_fnc.sqf	554	RYD_ForceCount	call
nr6_hal/Boss_fnc.sqf	642	RYD_LocLineTransform	call
nr6_hal/Boss_fnc.sqf	684	RYD_TopoAnalize	call
nr6_hal/Boss_fnc.sqf	688	RYD_TopoAnalize	call
nr6_hal/Boss_fnc.sqf	748	RYD_Mark	call
nr6_hal/Boss_fnc.sqf	918	RYD_LocLineTransform	call
nr6_hal/Boss_fnc.sqf	1177	RYD_Spawn	call
nr6_hal/Boss_fnc.sqf	1192	RYD_WPadd	call
nr6_hal/Boss_fnc.sqf	1240	RYD_DistOrdB	call
nr6_hal/Boss_fnc.sqf	1253	RYD_Mark	call
nr6_hal/Boss_fnc.sqf	1268	RYD_AngTowards	call
nr6_hal/Boss_fnc.sqf	1275	RYD_Mark	call
nr6_hal/Boss_fnc.sqf	1290	RYD_Spawn	call
nr6_hal/Boss_fnc.sqf	1291	RYD_Spawn	call
nr6_hal/Boss_fnc.sqf	1292	RYD_Spawn	call
nr6_hal/Boss_fnc.sqf	1293	RYD_Spawn	call
nr6_hal/Boss_fnc.sqf	1367	RYD_AngTowards	call
nr6_hal/Boss_fnc.sqf	1373	RYD_PosTowards2D	call
nr6_hal/Boss_fnc.sqf	1437	RYD_AIChatter	call
nr6_hal/Boss_fnc.sqf	1439	RYD_AddTask	call
nr6_hal/Boss_fnc.sqf	1443	RYD_WPadd	call
nr6_hal/Boss_fnc.sqf	1445	RYD_Wait	call
nr6_hal/Boss_fnc.sqf	1457	RYD_Spawn	call
nr6_hal/Boss_fnc.sqf	1559	RYD_WPadd	call
nr6_hal/Boss_fnc.sqf	1568	RYD_Mark	call
nr6_hal/Boss_fnc.sqf	1741	RYD_Marker	call
nr6_hal/Boss_fnc.sqf	1893	RYD_ClusterB	call
nr6_hal/Boss_fnc.sqf	1917	RYD_ClusterA	call
nr6_hal/Boss_fnc.sqf	2051	RYD_isOnMap	call
nr6_hal/Boss_fnc.sqf	2077	RYD_AngTowards	call
nr6_hal/Boss_fnc.sqf	2083	RYD_Mark	call
nr6_hal/Boss_fnc.sqf	2098	RYD_Mark	call
nr6_hal/Boss_fnc.sqf	2126	RYD_Cluster	call
nr6_hal/Boss_fnc.sqf	2157	RYD_isOnMap	call
nr6_hal/Boss_fnc.sqf	2176	RYD_AngTowards	call
nr6_hal/Boss_fnc.sqf	2180	RYD_Mark	call
nr6_hal/Boss_fnc.sqf	1290	RYD_ExecuteObj	value_pass
nr6_hal/Boss_fnc.sqf	1291	RYD_ExecuteObj	value_pass
nr6_hal/Boss_fnc.sqf	1292	RYD_ExecuteObj	value_pass
nr6_hal/Boss_fnc.sqf	1293	RYD_ExecuteObj	value_pass
nr6_hal/Boss.sqf	75	RYD_Marker	call
nr6_hal/Boss.sqf	99	RYD_Sectorize	call
nr6_hal/Boss.sqf	106	RYD_Marker	call
nr6_hal/Boss.sqf	137	RYD_TerraCognita	call
nr6_hal/Boss.sqf	233	RYD_TerraCognita	call
nr6_hal/Boss.sqf	440	RYD_Spawn	call
nr6_hal/Boss.sqf	471	RYD_ForceAnalyze	call
nr6_hal/Boss.sqf	493	RYD_Marker	call
nr6_hal/Boss.sqf	510	RYD_Marker	call
nr6_hal/Boss.sqf	655	RYD_Marker	call
nr6_hal/Boss.sqf	657	RYD_AngTowards	call
nr6_hal/Boss.sqf	661	RYD_Spawn	call
nr6_hal/Boss.sqf	671	RYD_WhereIs	call
nr6_hal/Boss.sqf	677	RYD_WhereIs	call
nr6_hal/Boss.sqf	689	RYD_WhereIs	call
nr6_hal/Boss.sqf	720	RYD_TopoAnalize	call
nr6_hal/Boss.sqf	726	RYD_TopoAnalize	call
nr6_hal/Boss.sqf	732	RYD_TopoAnalize	call
nr6_hal/Boss.sqf	746	RYD_WhereIs	call
nr6_hal/Boss.sqf	1338	RYD_Spawn	call
nr6_hal/Boss.sqf	1527	RYD_AngTowards	call
nr6_hal/Boss.sqf	1532	RYD_PosTowards2D	call
nr6_hal/Boss.sqf	1539	RYD_Marker	call
nr6_hal/Boss.sqf	1543	RYD_LocLineTransform	call
nr6_hal/Boss.sqf	1799	RYD_Itinerary	call
nr6_hal/Boss.sqf	1825	RYD_LocMultiTransform	call
nr6_hal/Boss.sqf	1829	RYD_Spawn	call
nr6_hal/Boss.sqf	1893	RYD_Marker	call
nr6_hal/Boss.sqf	1897	RYD_LocMultiTransform	call
nr6_hal/Boss.sqf	1901	RYD_Spawn	call
nr6_hal/Boss.sqf	1924	RYD_Spawn	call
nr6_hal/Boss.sqf	1337	RYD_BBSimpleD	spawn
nr6_hal/Boss.sqf	1827	RYD_ExecutePath	spawn
nr6_hal/Boss.sqf	1899	RYD_ReserveExecuting	spawn
nr6_hal/Boss.sqf	1923	RYD_ObjectivesMon	spawn
nr6_hal/Boss.sqf	661	RYD_ObjMark	value_pass
nr6_hal/Boss.sqf	1338	RYD_BBSimpleD	value_pass
nr6_hal/Boss.sqf	1829	RYD_ExecutePath	value_pass
nr6_hal/Boss.sqf	1901	RYD_ReserveExecuting	value_pass
nr6_hal/Boss.sqf	1924	RYD_ObjectivesMon	value_pass
nr6_hal/TaskInitNR6.sqf	10	RYD_AIChatter	call
nr6_hal/TaskInitNR6.sqf	243	RYD_GoLaunch	call
nr6_hal/TaskInitNR6.sqf	243	RYD_Spawn	call
nr6_hal/TaskInitNR6.sqf	361	RYD_GoLaunch	call
nr6_hal/TaskInitNR6.sqf	361	RYD_Spawn	call
nr6_hal/TaskInitNR6.sqf	474	RYD_GoLaunch	call
nr6_hal/TaskInitNR6.sqf	474	RYD_Spawn	call
nr6_hal/TaskInitNR6.sqf	568	RYD_Spawn	call
nr6_hal/TaskInitNR6.sqf	603	RYD_Spawn	call
nr6_hal/TaskInitNR6.sqf	721	RYD_Spawn	call
nr6_hal/TaskInitNR6.sqf	816	RYD_Spawn	call
nr6_hal/TaskInitNR6.sqf	907	RYD_Spawn	call
nr6_hal/TaskInitNR6.sqf	998	RYD_Spawn	call
nr6_hal/TaskInitNR6.sqf	1089	RYD_Spawn	call
nr6_hal/TaskInitNR6.sqf	1181	RYD_Spawn	call
nr6_hal/TaskInitNR6.sqf	1331	RYD_Spawn	call
nr6_hal/TaskInitNR6.sqf	1366	RYD_Spawn	call
nr6_hal/TaskInitNR6.sqf	1593	RYD_ArtyMission	call
nr6_hal/TaskInitNR6.sqf	1597	RYD_CFF_FFE	spawn
nr6_hal/TaskInitNR6.sqf	568	HAL_SCargo	value_pass
nr6_hal/TaskInitNR6.sqf	603	HAL_SCargo	value_pass
nr6_hal/TaskInitNR6.sqf	721	HAL_GoAmmoSupp	value_pass
nr6_hal/TaskInitNR6.sqf	816	HAL_GoAmmoSupp	value_pass
nr6_hal/TaskInitNR6.sqf	907	HAL_GoFuelSupp	value_pass
nr6_hal/TaskInitNR6.sqf	998	HAL_GoMedSupp	value_pass
nr6_hal/TaskInitNR6.sqf	1089	HAL_GoMedSupp	value_pass
nr6_hal/TaskInitNR6.sqf	1181	HAL_GoRepSupp	value_pass
nr6_hal/TaskInitNR6.sqf	1331	HAL_SCargo	value_pass
nr6_hal/TaskInitNR6.sqf	1366	HAL_SCargo	value_pass
nr6_hal/SquadTaskingNR6.sqf	33	ActionMfnc	remote_exec
nr6_hal/SquadTaskingNR6.sqf	39	ACEActionMfnc	remote_exec
nr6_hal/SquadTaskingNR6.sqf	50	ActionMfncR	remote_exec
nr6_hal/SquadTaskingNR6.sqf	55	ACEActionMfncR	remote_exec
nr6_hal/SquadTaskingNR6.sqf	73	Action1fnc	remote_exec
nr6_hal/SquadTaskingNR6.sqf	78	ACEAction1fnc	remote_exec
nr6_hal/SquadTaskingNR6.sqf	88	Action2fnc	remote_exec
nr6_hal/SquadTaskingNR6.sqf	94	ACEAction2fnc	remote_exec
nr6_hal/SquadTaskingNR6.sqf	105	Action3fnc	remote_exec
nr6_hal/SquadTaskingNR6.sqf	111	ACEAction3fnc	remote_exec
nr6_hal/SquadTaskingNR6.sqf	122	Action1fncR	remote_exec
nr6_hal/SquadTaskingNR6.sqf	127	ACEAction1fncR	remote_exec
nr6_hal/SquadTaskingNR6.sqf	138	Action2fncR	remote_exec
nr6_hal/SquadTaskingNR6.sqf	143	ACEAction2fncR	remote_exec
nr6_hal/SquadTaskingNR6.sqf	154	Action3fncR	remote_exec
nr6_hal/SquadTaskingNR6.sqf	159	ACEAction3fncR	remote_exec
nr6_hal/SquadTaskingNR6.sqf	176	Action4fnc	remote_exec
nr6_hal/SquadTaskingNR6.sqf	182	ACEAction4fnc	remote_exec
nr6_hal/SquadTaskingNR6.sqf	193	Action4fncR	remote_exec
nr6_hal/SquadTaskingNR6.sqf	198	ACEAction4fncR	remote_exec
nr6_hal/SquadTaskingNR6.sqf	209	Action5fnc	remote_exec
nr6_hal/SquadTaskingNR6.sqf	215	ACEAction5fnc	remote_exec
nr6_hal/SquadTaskingNR6.sqf	226	Action5fncR	remote_exec
nr6_hal/SquadTaskingNR6.sqf	231	ACEAction5fncR	remote_exec
nr6_hal/SquadTaskingNR6.sqf	242	Action6fnc	remote_exec
nr6_hal/SquadTaskingNR6.sqf	248	ACEAction6fnc	remote_exec
nr6_hal/SquadTaskingNR6.sqf	259	Action6fncR	remote_exec
nr6_hal/SquadTaskingNR6.sqf	264	ACEAction6fncR	remote_exec
nr6_hal/SquadTaskingNR6.sqf	275	Action7fnc	remote_exec
nr6_hal/SquadTaskingNR6.sqf	281	ACEAction7fnc	remote_exec
nr6_hal/SquadTaskingNR6.sqf	292	Action7fncR	remote_exec
nr6_hal/SquadTaskingNR6.sqf	297	ACEAction7fncR	remote_exec
nr6_hal/SquadTaskingNR6.sqf	310	Action8fnc	remote_exec
nr6_hal/SquadTaskingNR6.sqf	316	ACEAction8fnc	remote_exec
nr6_hal/SquadTaskingNR6.sqf	327	Action8fncR	remote_exec
nr6_hal/SquadTaskingNR6.sqf	332	ACEAction8fncR	remote_exec
nr6_hal/SquadTaskingNR6.sqf	343	Action9fnc	remote_exec
nr6_hal/SquadTaskingNR6.sqf	349	ACEAction9fnc	remote_exec
nr6_hal/SquadTaskingNR6.sqf	360	Action9fncR	remote_exec
nr6_hal/SquadTaskingNR6.sqf	365	ACEAction9fncR	remote_exec
nr6_hal/SquadTaskingNR6.sqf	376	Action10fnc	remote_exec
nr6_hal/SquadTaskingNR6.sqf	382	ACEAction10fnc	remote_exec
nr6_hal/SquadTaskingNR6.sqf	393	Action10fncR	remote_exec
nr6_hal/SquadTaskingNR6.sqf	398	ACEAction10fncR	remote_exec
nr6_hal/SquadTaskingNR6.sqf	409	Action11fnc	remote_exec
nr6_hal/SquadTaskingNR6.sqf	415	ACEAction11fnc	remote_exec
nr6_hal/SquadTaskingNR6.sqf	426	Action11fncR	remote_exec
nr6_hal/SquadTaskingNR6.sqf	431	ACEAction11fncR	remote_exec
nr6_hal/SquadTaskingNR6.sqf	442	Action12fnc	remote_exec
nr6_hal/SquadTaskingNR6.sqf	448	ACEAction12fnc	remote_exec
nr6_hal/SquadTaskingNR6.sqf	459	Action12fncR	remote_exec
nr6_hal/SquadTaskingNR6.sqf	464	ACEAction12fncR	remote_exec
nr6_hal/SquadTaskingNR6.sqf	475	Action13fnc	remote_exec
nr6_hal/SquadTaskingNR6.sqf	481	ACEAction13fnc	remote_exec
nr6_hal/SquadTaskingNR6.sqf	492	Action13fncR	remote_exec
nr6_hal/SquadTaskingNR6.sqf	497	ACEAction13fncR	remote_exec
