file	line	symbol	pattern
nr6_hal/HAC_fnc.sqf	596	RYD_WPadd	code_fn
nr6_hal/HAC_fnc.sqf	977	RYD_GoLaunch	code_fn
nr6_hal/HAC_fnc.sqf	1000	RYD_FindClosestWithIndex	code_fn
nr6_hal/HAC_fnc.sqf	1077	RYD_DistOrd	code_fn
nr6_hal/HAC_fnc.sqf	1108	RYD_DistOrdC	code_fn
nr6_hal/HAC_fnc.sqf	1137	RYD_DistOrdD	code_fn
nr6_hal/HAC_fnc.sqf	1182	RYD_Recon	code_fn
nr6_hal/HAC_fnc.sqf	1276	RYD_Dispatcher	code_fn
nr6_hal/HAC_fnc.sqf	1744	RYD_VarReductor	code_fn
nr6_hal/HAC_fnc.sqf	5441	RYD_RHQCheck	code_fn
nr6_hal/HAC_fnc2.sqf	1	RYD_StatusQuo	code_fn
nr6_hal/HAC_fnc2.sqf	1780	RYD_LF_Loop	code_fn
nr6_hal/HAC_fnc2.sqf	1932	RYD_FindClosest	code_fn
nr6_hal/HAC_fnc2.sqf	1999	RYD_ClusterC	code_fn
nr6_hal/HAC_fnc2.sqf	2207	RYD_PresentRHQ	code_fn
nr6_hal/HAC_fnc2.sqf	2871	HAL_FBFTLOOP	code_fn
nr6_hal/HAC_fnc2.sqf	3029	HAL_EBFT	code_fn
nr6_hal/HAC_fnc2.sqf	3121	HAL_SecTasks	code_fn
nr6_hal/HAC_fnc2.sqf	3233	RYD_PresentRHQLoop	code_fn
nr6_hal/HAC_fnc2.sqf	3244	RYD_deployUAV	code_fn
nr6_hal/RHQLibrary.sqf	1	RYD_WS_specFor_class	data_array
nr6_hal/RHQLibrary.sqf	5	RYD_WS_recon_class	data_array
nr6_hal/RHQLibrary.sqf	41	RYD_WS_FO_class	data_array
nr6_hal/RHQLibrary.sqf	50	RYD_WS_snipers_class	data_array
nr6_hal/RHQLibrary.sqf	64	RYD_WS_ATinf_class	data_array
nr6_hal/RHQLibrary.sqf	80	RYD_WS_AAinf_class	data_array
nr6_hal/RHQLibrary.sqf	90	RYD_WS_Inf_class	data_array
nr6_hal/RHQLibrary.sqf	262	RYD_WS_Art_class	data_array
nr6_hal/RHQLibrary.sqf	279	RYD_WS_HArmor_class	data_array
nr6_hal/RHQLibrary.sqf	287	RYD_WS_MArmor_class	data_array
nr6_hal/RHQLibrary.sqf	291	RYD_WS_LArmor_class	data_array
nr6_hal/RHQLibrary.sqf	303	RYD_WS_LArmorAT_class	data_array
nr6_hal/RHQLibrary.sqf	311	RYD_WS_Cars_class	data_array
nr6_hal/RHQLibrary.sqf	366	RYD_WS_Air_class	data_array
nr6_hal/RHQLibrary.sqf	409	RYD_WS_BAir_class	data_array
nr6_hal/RHQLibrary.sqf	416	RYD_WS_RAir_class	data_array
nr6_hal/RHQLibrary.sqf	429	RYD_WS_NCAir_class	data_array
nr6_hal/RHQLibrary.sqf	446	RYD_WS_Naval_class	data_array
nr6_hal/RHQLibrary.sqf	462	RYD_WS_Static_class	data_array
nr6_hal/RHQLibrary.sqf	497	RYD_WS_StaticAA_class	data_array
nr6_hal/RHQLibrary.sqf	504	RYD_WS_StaticAT_class	data_array
nr6_hal/RHQLibrary.sqf	511	RYD_WS_Support_class	data_array
nr6_hal/RHQLibrary.sqf	538	RYD_WS_Cargo_class	data_array
nr6_hal/RHQLibrary.sqf	606	RYD_WS_NCCargo_class	data_array
nr6_hal/RHQLibrary.sqf	648	RYD_WS_Crew_class	data_array
nr6_hal/RHQLibrary.sqf	665	RYD_WS_Other_class	data_array
nr6_hal/RHQLibrary.sqf	672	RYD_WS_rep	data_array
nr6_hal/RHQLibrary.sqf	693	RYD_WS_med	data_array
nr6_hal/RHQLibrary.sqf	712	RYD_WS_fuel	data_array
nr6_hal/RHQLibrary.sqf	731	RYD_WS_ammo	data_array
nr6_hal/RHQLibrary.sqf	752	RYD_WS_AllClasses	data_array
nr6_hal/Boss_fnc.sqf	1	RYD_Marker	code_fn
nr6_hal/Boss_fnc.sqf	40	RYD_DistOrdB	code_fn
nr6_hal/Boss_fnc.sqf	67	RYD_WhereIs	code_fn
nr6_hal/Boss_fnc.sqf	106	RYD_TerraCognita	code_fn
nr6_hal/Boss_fnc.sqf	175	RYD_Sectorize	code_fn
nr6_hal/Boss_fnc.sqf	259	RYD_LocLineTransform	code_fn
nr6_hal/Boss_fnc.sqf	282	RYD_LocMultiTransform	code_fn
nr6_hal/Boss_fnc.sqf	418	RYD_ForceCount	code_fn
nr6_hal/Boss_fnc.sqf	513	RYD_ForceAnalyze	code_fn
nr6_hal/Boss_fnc.sqf	576	RYD_TopoAnalize	code_fn
nr6_hal/Boss_fnc.sqf	629	RYD_Itinerary	code_fn
nr6_hal/Boss_fnc.sqf	696	RYD_ExecuteObj	code_fn
nr6_hal/Boss_fnc.sqf	1201	RYD_ExecutePath	code_fn
nr6_hal/Boss_fnc.sqf	1320	RYD_ReserveExecuting	code_fn
nr6_hal/Boss_fnc.sqf	1578	RYD_ObjectivesMon	code_fn
nr6_hal/Boss_fnc.sqf	1723	RYD_ObjMark	code_fn
nr6_hal/Boss_fnc.sqf	1769	RYD_ClusterA	code_fn
nr6_hal/Boss_fnc.sqf	1811	RYD_ClusterB	code_fn
nr6_hal/Boss_fnc.sqf	1887	RYD_Cluster	code_fn
nr6_hal/Boss_fnc.sqf	1952	RYD_isOnMap	code_fn
nr6_hal/Boss_fnc.sqf	2000	RYD_BBSimpleD	code_fn
nr6_hal/TaskInitNR6.sqf	3	Action1ct	action_fn
nr6_hal/TaskInitNR6.sqf	23	Action1fnc	action_fn
nr6_hal/TaskInitNR6.sqf	33	ACEAction1fnc	action_fn
nr6_hal/TaskInitNR6.sqf	50	Action2ct	action_fn
nr6_hal/TaskInitNR6.sqf	58	Action2fnc	action_fn
nr6_hal/TaskInitNR6.sqf	75	ACEAction2fnc	action_fn
nr6_hal/TaskInitNR6.sqf	90	Action3ct	action_fn
nr6_hal/TaskInitNR6.sqf	98	Action3fnc	action_fn
nr6_hal/TaskInitNR6.sqf	115	ACEAction3fnc	action_fn
nr6_hal/TaskInitNR6.sqf	131	Action1fncR	action_fn
nr6_hal/TaskInitNR6.sqf	142	ACEAction1fncR	action_fn
nr6_hal/TaskInitNR6.sqf	152	Action2fncR	action_fn
nr6_hal/TaskInitNR6.sqf	163	ACEAction2fncR	action_fn
nr6_hal/TaskInitNR6.sqf	173	Action3fncR	action_fn
nr6_hal/TaskInitNR6.sqf	184	ACEAction3fncR	action_fn
nr6_hal/TaskInitNR6.sqf	197	Action4ct	action_fn
nr6_hal/TaskInitNR6.sqf	250	Action4fnc	action_fn
nr6_hal/TaskInitNR6.sqf	267	ACEAction4fnc	action_fn
nr6_hal/TaskInitNR6.sqf	288	Action4fncR	action_fn
nr6_hal/TaskInitNR6.sqf	299	ACEAction4fncR	action_fn
nr6_hal/TaskInitNR6.sqf	309	Action5ct	action_fn
nr6_hal/TaskInitNR6.sqf	368	Action5fnc	action_fn
nr6_hal/TaskInitNR6.sqf	385	ACEAction5fnc	action_fn
nr6_hal/TaskInitNR6.sqf	402	Action5fncR	action_fn
nr6_hal/TaskInitNR6.sqf	413	ACEAction5fncR	action_fn
nr6_hal/TaskInitNR6.sqf	423	Action6ct	action_fn
nr6_hal/TaskInitNR6.sqf	481	Action6fnc	action_fn
nr6_hal/TaskInitNR6.sqf	498	ACEAction6fnc	action_fn
nr6_hal/TaskInitNR6.sqf	515	Action6fncR	action_fn
nr6_hal/TaskInitNR6.sqf	526	ACEAction6fncR	action_fn
nr6_hal/TaskInitNR6.sqf	537	Action7ct	action_fn
nr6_hal/TaskInitNR6.sqf	630	Action7fnc	action_fn
nr6_hal/TaskInitNR6.sqf	647	ACEAction7fnc	action_fn
nr6_hal/TaskInitNR6.sqf	664	Action7fncR	action_fn
nr6_hal/TaskInitNR6.sqf	675	ACEAction7fncR	action_fn
nr6_hal/TaskInitNR6.sqf	688	Action8ct	action_fn
nr6_hal/TaskInitNR6.sqf	727	Action8fnc	action_fn
nr6_hal/TaskInitNR6.sqf	744	ACEAction8fnc	action_fn
nr6_hal/TaskInitNR6.sqf	765	Action8fncR	action_fn
nr6_hal/TaskInitNR6.sqf	776	ACEAction8fncR	action_fn
nr6_hal/TaskInitNR6.sqf	786	Action9ct	action_fn
nr6_hal/TaskInitNR6.sqf	822	Action9fnc	action_fn
nr6_hal/TaskInitNR6.sqf	839	ACEAction9fnc	action_fn
nr6_hal/TaskInitNR6.sqf	856	Action9fncR	action_fn
nr6_hal/TaskInitNR6.sqf	867	ACEAction9fncR	action_fn
nr6_hal/TaskInitNR6.sqf	877	Action10ct	action_fn
nr6_hal/TaskInitNR6.sqf	913	Action10fnc	action_fn
nr6_hal/TaskInitNR6.sqf	930	ACEAction10fnc	action_fn
nr6_hal/TaskInitNR6.sqf	947	Action10fncR	action_fn
nr6_hal/TaskInitNR6.sqf	958	ACEAction10fncR	action_fn
nr6_hal/TaskInitNR6.sqf	968	Action11ct	action_fn
nr6_hal/TaskInitNR6.sqf	1004	Action11fnc	action_fn
nr6_hal/TaskInitNR6.sqf	1021	ACEAction11fnc	action_fn
nr6_hal/TaskInitNR6.sqf	1038	Action11fncR	action_fn
nr6_hal/TaskInitNR6.sqf	1049	ACEAction11fncR	action_fn
nr6_hal/TaskInitNR6.sqf	1059	Action12ct	action_fn
nr6_hal/TaskInitNR6.sqf	1095	Action12fnc	action_fn
nr6_hal/TaskInitNR6.sqf	1112	ACEAction12fnc	action_fn
nr6_hal/TaskInitNR6.sqf	1129	Action12fncR	action_fn
nr6_hal/TaskInitNR6.sqf	1140	ACEAction12fncR	action_fn
nr6_hal/TaskInitNR6.sqf	1151	Action13ct	action_fn
nr6_hal/TaskInitNR6.sqf	1187	Action13fnc	action_fn
nr6_hal/TaskInitNR6.sqf	1204	ACEAction13fnc	action_fn
nr6_hal/TaskInitNR6.sqf	1221	Action13fncR	action_fn
nr6_hal/TaskInitNR6.sqf	1232	ACEAction13fncR	action_fn
nr6_hal/TaskInitNR6.sqf	1245	ActionMfnc	action_fn
nr6_hal/TaskInitNR6.sqf	1262	ACEActionMfnc	action_fn
nr6_hal/TaskInitNR6.sqf	1279	ActionMfncR	action_fn
nr6_hal/TaskInitNR6.sqf	1290	ACEActionMfncR	action_fn
nr6_hal/TaskInitNR6.sqf	1300	ActionGTct	action_fn
nr6_hal/TaskInitNR6.sqf	1393	ActionArtct	action_fn
nr6_hal/TaskInitNR6.sqf	1583	ActionArt2ct	action_fn
